from,to,value
1,2,751
1,4,1045
1,5,603
1,6,2719
1,8,2218
1,9,466
1,10,127
1,11,176
1,12,12699
1,13,16541
1,15,722
1,16,223
1,17,1771
1,18,1756
1,19,291
1,20,833
1,21,2043
1,22,3120
1,23,229
1,24,1281
1,25,672
1,26,2863
1,27,519
1,28,7306
1,29,1230
1,30,165
1,31,223
1,32,428
1,33,174
1,34,491
1,35,610
1,36,1769
1,37,3924
1,38,164
1,39,1929
1,40,1101
1,41,661
1,42,1035
1,44,79
1,45,2289
1,46,84
1,47,9408
1,48,8905
1,49,342
1,50,21
1,51,3623
1,53,1358
1,54,304
1,55,481
1,56,105
1,72,175
1,AFR,0
1,ASI,0
1,CAM,0
1,CAR,0
1,EUR,0
1,ISL,0
1,NAM,0
1,OCE,0
1,SAM,0
2,1,1421
2,4,3436
2,5,747
2,6,7105
2,8,2435
2,9,627
2,10,265
2,11,600
2,12,7699
2,13,2682
2,15,1122
2,16,2533
2,17,1921
2,18,316
2,19,836
2,20,794
2,21,1248
2,22,934
2,23,259
2,24,1781
2,25,1210
2,26,2490
2,27,1085
2,28,381
2,29,1214
2,30,1185
2,31,384
2,32,1199
2,33,207
2,34,680
2,35,612
2,36,4968
2,37,2549
2,38,545
2,39,1387
2,40,1223
2,41,2913
2,42,1281
2,44,461
2,45,1171
2,46,360
2,47,1215
2,48,7855
2,49,1758
2,50,203
2,51,2638
2,53,4148
2,54,929
2,55,515
2,56,331
2,72,117
2,AFR,0
2,ASI,0
2,CAM,0
2,CAR,0
2,EUR,0
2,ISL,0
2,NAM,0
2,OCE,0
2,SAM,0
4,1,1104
4,2,1538
4,5,1048
4,6,36109
4,8,10407
4,9,1461
4,10,225
4,11,333
4,12,6669
4,13,3701
4,15,1739
4,16,3393
4,17,6429
4,18,3204
4,19,1469
4,20,2348
4,21,1952
4,22,1541
4,23,347
4,24,1409
4,25,1672
4,26,4256
4,27,3026
4,28,576
4,29,3021
4,30,1737
4,31,2204
4,32,7879
4,33,314
4,34,1675
4,35,7062
4,36,3561
4,37,3546
4,38,1150
4,39,4611
4,40,3256
4,41,6772
4,42,2926
4,44,228
4,45,1995
4,46,756
4,47,2548
4,48,19489
4,49,7533
4,50,150
4,51,3843
4,53,9271
4,54,227
4,55,3047
4,56,1211
4,72,232
4,AFR,0
4,ASI,0
4,CAM,0
4,CAR,0
4,EUR,0
4,ISL,0
4,NAM,0
4,OCE,0
4,SAM,0
5,1,951
5,2,258
5,4,1096
5,6,3520
5,8,1322
5,9,123
5,10,0
5,11,69
5,12,2627
5,13,1310
5,15,166
5,16,345
5,17,2025
5,18,834
5,19,519
5,20,1637
5,21,630
5,22,2379
5,23,20
5,24,267
5,25,266
5,26,1384
5,27,672
5,28,2899
5,29,6562
5,30,210
5,31,396
5,32,732
5,33,148
5,34,90
5,35,355
5,36,665
5,37,910
5,38,101
5,39,903
5,40,7202
5,41,486
5,42,833
5,44,0
5,45,900
5,46,167
5,47,5072
5,48,14401
5,49,398
5,50,13
5,51,714
5,53,1249
5,54,102
5,55,350
5,56,189
5,72,31
5,AFR,0
5,ASI,0
5,CAM,0
5,CAR,0
5,EUR,0
5,ISL,0
5,NAM,0
5,OCE,0
5,SAM,0
6,1,3602
6,2,3478
6,4,46702
6,5,3979
6,8,23322
6,9,4461
6,10,967
6,11,3535
6,12,22845
6,13,13648
6,15,11894
6,16,9660
6,17,15680
6,18,7764
6,19,4261
6,20,5920
6,21,2858
6,22,4366
6,23,1509
6,24,7823
6,25,12340
6,26,7819
6,27,6182
6,28,3629
6,29,8851
6,30,3972
6,31,4178
6,32,41982
6,33,1412
6,34,6412
6,35,6381
6,36,24451
6,37,14410
6,38,1768
6,39,8897
6,40,8764
6,41,32118
6,42,9484
6,44,2072
6,45,6647
6,46,1413
6,47,7809
6,48,64360
6,49,15059
6,50,1000
6,51,17057
6,53,41526
6,54,1165
6,55,5138
6,56,2338
6,72,649
6,AFR,0
6,ASI,0
6,CAM,0
6,CAR,0
6,EUR,0
6,ISL,0
6,NAM,0
6,OCE,0
6,SAM,0
8,1,907
8,2,1729
8,4,9365
8,5,1615
8,6,16958
8,9,1063
8,10,108
8,11,481
8,12,7908
8,13,3956
8,15,1342
8,16,1565
8,17,3829
8,18,2009
8,19,2713
8,20,4757
8,21,761
8,22,1344
8,23,401
8,24,1695
8,25,1514
8,26,2213
8,27,2646
8,28,789
8,29,2916
8,30,2551
8,31,3288
8,32,3525
8,33,391
8,34,1017
8,35,4187
8,36,3609
8,37,3663
8,38,817
8,39,3010
8,40,4031
8,41,3429
8,42,2727
8,44,150
8,45,1676
8,46,1333
8,47,1668
8,48,18439
8,49,5175
8,50,559
8,51,3907
8,53,4793
8,54,300
8,55,1967
8,56,4943
8,72,137
8,AFR,0
8,ASI,0
8,CAM,0
8,CAR,0
8,EUR,0
8,ISL,0
8,NAM,0
8,OCE,0
8,SAM,0
9,1,830
9,2,96
9,4,1133
9,5,543
9,6,4959
9,8,1175
9,10,648
9,11,1042
9,12,10557
9,13,2722
9,15,402
9,16,145
9,17,1430
9,18,775
9,19,374
9,20,217
9,21,322
9,22,135
9,23,2017
9,24,1635
9,25,10863
9,26,945
9,27,498
9,28,196
9,29,676
9,30,29
9,31,244
9,32,443
9,33,1970
9,34,2550
9,35,132
9,36,14396
9,37,3572
9,38,32
9,39,1148
9,40,102
9,41,504
9,42,4467
9,44,3297
9,45,2773
9,46,3
9,47,544
9,48,2234
9,49,251
9,50,1651
9,51,4004
9,53,1166
9,54,214
9,55,508
9,56,5
9,72,1084
9,AFR,0
9,ASI,0
9,CAM,0
9,CAR,0
9,EUR,0
9,ISL,0
9,NAM,0
9,OCE,0
9,SAM,0
10,1,252
10,2,21
10,4,315
10,5,10
10,6,562
10,8,311
10,9,514
10,11,234
10,12,2248
10,13,539
10,15,215
10,16,32
10,17,296
10,18,211
10,19,26
10,20,118
10,21,180
10,22,124
10,23,150
10,24,5374
10,25,157
10,26,194
10,27,78
10,28,44
10,29,123
10,30,98
10,31,51
10,32,204
10,33,4
10,34,1923
10,35,115
10,36,1192
10,37,1223
10,38,10
10,39,392
10,40,179
10,41,93
10,42,5537
10,44,71
10,45,538
10,46,0
10,47,223
10,48,809
10,49,127
10,50,42
10,51,1450
10,53,70
10,54,362
10,55,209
10,56,0
10,72,19
10,AFR,0
10,ASI,0
10,CAM,0
10,CAR,0
10,EUR,0
10,ISL,0
10,NAM,0
10,OCE,0
10,SAM,0
11,1,222
11,2,169
11,4,247
11,5,173
11,6,3259
11,8,469
11,9,358
11,10,187
11,12,1272
11,13,1017
11,15,172
11,16,89
11,17,1173
11,18,520
11,19,93
11,20,178
11,21,225
11,22,327
11,23,57
11,24,20519
11,25,1084
11,26,361
11,27,226
11,28,140
11,29,412
11,30,6
11,31,24
11,32,349
11,33,116
11,34,778
11,35,119
11,36,3272
11,37,1648
11,38,53
11,39,495
11,40,80
11,41,378
11,42,1959
11,44,109
11,45,336
11,46,5
11,47,524
11,48,1247
11,49,119
11,50,96
11,51,9165
11,53,484
11,54,372
11,55,47
11,56,0
11,72,43
11,AFR,0
11,ASI,0
11,CAM,0
11,CAR,0
11,EUR,0
11,ISL,0
11,NAM,0
11,OCE,0
11,SAM,0
12,1,14339
12,2,1598
12,4,5761
12,5,3073
12,6,22174
12,8,8435
12,9,6557
12,10,1099
12,11,1603
12,13,42374
12,15,3190
12,16,1200
12,17,14129
12,18,8146
12,19,2364
12,20,2829
12,21,7957
12,22,7154
12,23,2894
12,24,8502
12,25,12317
12,26,13522
12,27,2738
12,28,4736
12,29,6516
12,30,1131
12,31,2176
12,32,4018
12,33,1920
12,34,11973
12,35,2902
12,36,30089
12,37,25893
12,38,735
12,39,15601
12,40,4669
12,41,2739
12,42,16254
12,44,2039
12,45,13965
12,46,515
12,47,15024
12,48,32844
12,49,2336
12,50,1063
12,51,19406
12,53,7108
12,54,3071
12,55,4475
12,56,748
12,72,8043
12,AFR,0
12,ASI,0
12,CAM,0
12,CAR,0
12,EUR,0
12,ISL,0
12,NAM,0
12,OCE,0
12,SAM,0
13,1,19524
13,2,1529
13,4,3218
13,5,2192
13,6,10961
13,8,5425
13,9,1774
13,10,595
13,11,1243
13,12,36690
13,15,1748
13,16,415
13,17,6779
13,18,2511
13,19,1017
13,20,2370
13,21,4758
13,22,5018
13,23,528
13,24,5061
13,25,2576
13,26,4266
13,27,2104
13,28,3628
13,29,3180
13,30,256
13,31,772
13,32,1269
13,33,345
13,34,3926
13,35,984
13,36,8777
13,37,16695
13,38,278
13,39,6184
13,40,2820
13,41,1034
13,42,5066
13,44,390
13,45,17826
13,46,103
13,47,15809
13,48,18637
13,49,1319
13,50,232
13,51,11102
13,53,6003
13,54,1167
13,55,1299
13,56,372
13,72,236
13,AFR,0
13,ASI,0
13,CAM,0
13,CAR,0
13,EUR,0
13,ISL,0
13,NAM,0
13,OCE,0
13,SAM,0
15,1,622
15,2,903
15,4,2379
15,5,134
15,6,11717
15,8,2105
15,9,412
15,10,46
15,11,177
15,12,2322
15,13,1324
15,16,243
15,17,1511
15,18,616
15,19,385
15,20,420
15,21,492
15,22,388
15,23,101
15,24,821
15,25,962
15,26,341
15,27,788
15,28,237
15,29,1027
15,30,131
15,31,204
15,32,3531
15,33,37
15,34,368
15,35,214
15,36,943
15,37,1833
15,38,31
15,39,633
15,40,384
15,41,2576
15,42,408
15,44,179
15,45,567
15,46,53
15,47,713
15,48,5547
15,49,1395
15,50,143
15,51,3637
15,53,4885
15,54,121
15,55,599
15,56,143
15,72,18
15,AFR,0
15,ASI,0
15,CAM,0
15,CAR,0
15,EUR,0
15,ISL,0
15,NAM,0
15,OCE,0
15,SAM,0
16,1,444
16,2,796
16,4,2785
16,5,371
16,6,6084
16,8,1877
16,9,91
16,10,107
16,11,22
16,12,1054
16,13,443
16,15,387
16,17,669
16,18,684
16,19,242
16,20,416
16,21,132
16,22,360
16,23,59
16,24,482
16,25,306
16,26,395
16,27,347
16,28,265
16,29,591
16,30,2086
16,31,301
16,32,2980
16,33,17
16,34,169
16,35,392
16,36,404
16,37,462
16,38,663
16,39,744
16,40,484
16,41,5755
16,42,455
16,44,46
16,45,356
16,46,246
16,47,918
16,48,2503
16,49,7202
16,50,41
16,51,783
16,53,9830
16,54,179
16,55,538
16,56,1384
16,72,0
16,AFR,0
16,ASI,0
16,CAM,0
16,CAR,0
16,EUR,0
16,ISL,0
16,NAM,0
16,OCE,0
16,SAM,0
17,1,3524
17,2,739
17,4,10849
17,5,3345
17,6,19200
17,8,6522
17,9,1948
17,10,381
17,11,1001
17,12,19435
17,13,7996
17,15,1174
17,16,426
17,18,28253
17,19,13354
17,20,2210
17,21,4861
17,22,2008
17,23,406
17,24,2974
17,25,3853
17,26,11058
17,27,6741
17,28,2832
17,29,21927
17,30,809
17,31,1519
17,32,2319
17,33,617
17,34,2508
17,35,1065
17,36,7299
17,37,5735
17,38,541
17,39,7958
17,40,1927
17,41,1627
17,42,4053
17,44,381
17,45,2675
17,46,314
17,47,6822
17,48,21988
17,49,1437
17,50,337
17,51,6195
17,53,4115
17,54,538
17,55,23441
17,56,380
17,72,819
17,AFR,0
17,ASI,0
17,CAM,0
17,CAR,0
17,EUR,0
17,ISL,0
17,NAM,0
17,OCE,0
17,SAM,0
18,1,2241
18,2,305
18,4,3917
18,5,999
18,6,6736
18,8,3545
18,9,418
18,10,97
18,11,351
18,12,12332
18,13,4502
18,15,249
18,16,246
18,17,19673
18,19,1653
18,20,1642
18,21,11267
18,22,1116
18,23,85
18,24,1152
18,25,1039
18,26,8659
18,27,1227
18,28,784
18,29,3789
18,30,340
18,31,374
18,32,701
18,33,299
18,34,657
18,35,976
18,36,2529
18,37,3248
18,38,208
18,39,11688
18,40,1480
18,41,837
18,42,2020
18,44,49
18,45,2813
18,46,266
18,47,5084
18,48,9367
18,49,606
18,50,102
18,51,2589
18,53,1851
18,54,519
18,55,2455
18,56,218
18,72,234
18,AFR,0
18,ASI,0
18,CAM,0
18,CAR,0
18,EUR,0
18,ISL,0
18,NAM,0
18,OCE,0
18,SAM,0
19,1,384
19,2,191
19,4,3331
19,5,497
19,6,3253
19,8,2888
19,9,54
19,10,2
19,11,143
19,12,3059
19,13,1439
19,15,291
19,16,382
19,17,9035
19,18,1575
19,20,1818
19,21,579
19,22,600
19,23,106
19,24,321
19,25,286
19,26,1248
19,27,6280
19,28,200
19,29,5088
19,30,236
19,31,7291
19,32,479
19,33,56
19,34,234
19,35,206
19,36,820
19,37,1067
19,38,319
19,39,1142
19,40,1074
19,41,626
19,42,492
19,44,14
19,45,631
19,46,3405
19,47,850
19,48,3910
19,49,923
19,50,83
19,51,1062
19,53,1300
19,54,12
19,55,3399
19,56,300
19,72,0
19,AFR,0
19,ASI,0
19,CAM,0
19,CAR,0
19,EUR,0
19,ISL,0
19,NAM,0
19,OCE,0
19,SAM,0
20,1,744
20,2,403
20,4,2145
20,5,2182
20,6,3684
20,8,4707
20,9,228
20,10,44
20,11,61
20,12,3519
20,13,2152
20,15,360
20,16,368
20,17,2092
20,18,1435
20,19,1923
20,21,881
20,22,559
20,23,286
20,24,1269
20,25,444
20,26,1061
20,27,915
20,28,299
20,29,21120
20,30,337
20,31,3182
20,32,563
20,33,159
20,34,306
20,35,771
20,36,1175
20,37,2656
20,38,119
20,39,1076
20,40,5524
20,41,839
20,42,1198
20,44,91
20,45,946
20,46,393
20,47,2292
20,48,10971
20,49,612
20,50,3
20,51,1476
20,53,1875
20,54,70
20,55,843
20,56,542
20,72,183
20,AFR,0
20,ASI,0
20,CAM,0
20,CAR,0
20,EUR,0
20,ISL,0
20,NAM,0
20,OCE,0
20,SAM,0
21,1,2399
21,2,373
21,4,1621
21,5,1663
21,6,2804
21,8,1630
21,9,204
21,10,134
21,11,146
21,12,6499
21,13,5449
21,15,302
21,16,93
21,17,3421
21,18,9937
21,19,740
21,20,878
21,22,1360
21,23,240
21,24,891
21,25,460
21,26,2214
21,27,408
21,28,864
21,29,2608
21,30,218
21,31,274
21,32,949
21,33,88
21,34,316
21,35,383
21,36,1433
21,37,3340
21,38,132
21,39,11805
21,40,1240
21,41,456
21,42,2119
21,44,164
21,45,2323
21,46,71
21,47,11779
21,48,5612
21,49,315
21,50,394
21,51,2763
21,53,1107
21,54,1787
21,55,690
21,56,121
21,72,62
21,AFR,0
21,ASI,0
21,CAM,0
21,CAR,0
21,EUR,0
21,ISL,0
21,NAM,0
21,OCE,0
21,SAM,0
22,1,2469
22,2,559
22,4,1367
22,5,3710
22,6,3991
22,8,2038
22,9,362
22,10,99
22,11,233
22,12,5709
22,13,4816
22,15,376
22,16,103
22,17,1436
22,18,970
22,19,463
22,20,853
22,21,759
22,23,168
22,24,780
22,25,539
22,26,1187
22,27,414
22,28,8331
22,29,1761
22,30,187
22,31,247
22,32,305
22,33,218
22,34,445
22,35,232
22,36,1355
22,37,1744
22,38,143
22,39,1765
22,40,2133
22,41,500
22,42,895
22,44,175
22,45,2021
22,46,58
22,47,3707
22,48,28304
22,49,330
22,50,102
22,51,1929
22,53,1024
22,54,131
22,55,498
22,56,176
22,72,63
22,AFR,0
22,ASI,0
22,CAM,0
22,CAR,0
22,EUR,0
22,ISL,0
22,NAM,0
22,OCE,0
22,SAM,0
23,1,364
23,2,193
23,4,481
23,5,138
23,6,1307
23,8,589
23,9,562
23,10,141
23,11,116
23,12,5061
23,13,295
23,15,342
23,16,101
23,17,503
23,18,155
23,19,84
23,20,118
23,21,108
23,22,168
23,24,685
23,25,4250
23,26,316
23,27,163
23,28,74
23,29,425
23,30,94
23,31,49
23,32,81
23,33,3291
23,34,411
23,35,135
23,36,1767
23,37,1341
23,38,12
23,39,467
23,40,239
23,41,193
23,42,1100
23,44,355
23,45,974
23,46,16
23,47,435
23,48,1130
23,49,182
23,50,753
23,51,1635
23,53,721
23,54,36
23,55,235
23,56,20
23,72,21
23,AFR,0
23,ASI,0
23,CAM,0
23,CAR,0
23,EUR,0
23,ISL,0
23,NAM,0
23,OCE,0
23,SAM,0
24,1,1480
24,2,517
24,4,1888
24,5,539
24,6,9805
24,8,2293
24,9,1739
24,10,5369
24,11,12263
24,12,11845
24,13,5119
24,15,1074
24,16,127
24,17,2158
24,18,831
24,19,345
24,20,1058
24,21,1548
24,22,1004
24,23,282
24,25,3075
24,26,1458
24,27,1071
24,28,452
24,29,1393
24,30,83
24,31,306
24,32,908
24,33,468
24,34,3844
24,35,1124
24,36,6422
24,37,9942
24,38,223
24,39,3859
24,40,886
24,41,452
24,42,17139
24,44,925
24,45,3659
24,46,87
24,47,1747
24,48,7922
24,49,527
24,50,381
24,51,24307
24,53,1807
24,54,6158
24,55,688
24,56,74
24,72,138
24,AFR,0
24,ASI,0
24,CAM,0
24,CAR,0
24,EUR,0
24,ISL,0
24,NAM,0
24,OCE,0
24,SAM,0
25,1,355
25,2,148
25,4,1464
25,5,271
25,6,11895
25,8,2993
25,9,8479
25,10,638
25,11,1643
25,12,15175
25,13,3821
25,15,896
25,16,217
25,17,3468
25,18,669
25,19,309
25,20,285
25,21,632
25,22,586
25,23,4014
25,24,3095
25,26,1763
25,27,729
25,28,402
25,29,987
25,30,111
25,31,147
25,32,602
25,33,15854
25,34,4121
25,35,728
25,36,15948
25,37,5635
25,38,93
25,39,2778
25,40,598
25,41,1336
25,42,5926
25,44,8848
25,45,2226
25,46,132
25,47,1673
25,48,5439
25,49,1133
25,50,2962
25,51,4569
25,53,2263
25,54,197
25,55,673
25,56,229
25,72,1849
25,AFR,0
25,ASI,0
25,CAM,0
25,CAR,0
25,EUR,0
25,ISL,0
25,NAM,0
25,OCE,0
25,SAM,0
26,1,2771
26,2,649
26,4,8609
26,5,1338
26,6,10251
26,8,4053
26,9,724
26,10,183
26,11,679
26,12,20120
26,13,8557
26,15,991
26,16,403
26,17,12231
26,18,10450
26,19,1053
26,20,1390
26,21,4910
26,22,1264
26,23,195
26,24,2551
26,25,2127
26,27,2711
26,28,1919
26,29,2618
26,30,509
26,31,787
26,32,1876
26,33,279
26,34,1261
26,35,781
26,36,4841
26,37,6757
26,38,483
26,39,15671
26,40,1259
26,41,1182
26,42,4256
26,44,231
26,45,3395
26,46,513
26,47,5366
26,48,12567
26,49,1197
26,50,200
26,51,5101
26,53,3485
26,54,814
26,55,5354
26,56,850
26,72,149
26,AFR,0
26,ASI,0
26,CAM,0
26,CAR,0
26,EUR,0
26,ISL,0
26,NAM,0
26,OCE,0
26,SAM,0
27,1,470
27,2,598
27,4,5766
27,5,386
27,6,6763
27,8,3488
27,9,488
27,10,179
27,11,243
27,12,5182
27,13,1698
27,15,605
27,16,535
27,17,5066
27,18,1204
27,19,7028
27,20,1288
27,21,821
27,22,586
27,23,264
27,24,936
27,25,1175
27,26,1601
27,28,539
27,29,2191
27,30,743
27,31,1626
27,32,1108
27,33,88
27,34,773
27,35,345
27,36,1637
27,37,1610
27,38,13750
27,39,1793
27,40,824
27,41,1597
27,42,1111
27,44,175
27,45,837
27,46,4930
27,47,1269
27,48,6189
27,49,755
27,50,125
27,51,1199
27,53,2250
27,54,64
27,55,17436
27,56,373
27,72,15
27,AFR,0
27,ASI,0
27,CAM,0
27,CAR,0
27,EUR,0
27,ISL,0
27,NAM,0
27,OCE,0
27,SAM,0
28,1,6336
28,2,179
28,4,536
28,5,2401
28,6,2573
28,8,1039
28,9,175
28,10,67
28,11,31
28,12,5570
28,13,3966
28,15,141
28,16,100
28,17,1551
28,18,649
28,19,413
28,20,607
28,21,1333
28,22,8684
28,23,15
28,24,989
28,25,434
28,26,875
28,27,316
28,29,1245
28,30,116
28,31,337
28,32,585
28,33,70
28,34,241
28,35,397
28,36,612
28,37,1741
28,38,93
28,39,819
28,40,1295
28,41,364
28,42,717
28,44,132
28,45,1304
28,46,96
28,47,9482
28,48,6709
28,49,285
28,50,6
28,51,1479
28,53,1025
28,54,164
28,55,664
28,56,31
28,72,72
28,AFR,0
28,ASI,0
28,CAM,0
28,CAR,0
28,EUR,0
28,ISL,0
28,NAM,0
28,OCE,0
28,SAM,0
29,1,1287
29,2,756
29,4,3594
29,5,7352
29,6,7521
29,8,4087
29,9,268
29,10,337
29,11,221
29,12,9254
29,13,2720
29,15,581
29,16,327
29,17,13608
29,18,2975
29,19,4061
29,20,22544
29,21,2500
29,22,1682
29,23,211
29,24,1106
29,25,1364
29,26,2383
29,27,1564
29,28,1438
29,30,412
29,31,2225
29,32,877
29,33,212
29,34,616
29,35,1089
29,36,2181
29,37,2430
29,38,643
29,39,2129
29,40,4992
29,41,890
29,42,1653
29,44,87
29,45,1631
29,46,361
29,47,3624
29,48,12540
29,49,1232
29,50,64
29,51,2538
29,53,3477
29,54,239
29,55,1519
29,56,715
29,72,58
29,AFR,0
29,ASI,0
29,CAM,0
29,CAR,0
29,EUR,0
29,ISL,0
29,NAM,0
29,OCE,0
29,SAM,0
30,1,297
30,2,527
30,4,1581
30,5,305
30,6,2835
30,8,2570
30,9,84
30,10,12
30,11,48
30,12,744
30,13,265
30,15,159
30,16,2334
30,17,264
30,18,93
30,19,385
30,20,266
30,21,76
30,22,206
30,23,92
30,24,35
30,25,231
30,26,200
30,27,928
30,28,152
30,29,478
30,31,169
30,32,935
30,33,215
30,34,99
30,35,435
30,36,411
30,37,303
30,38,1452
30,39,287
30,40,499
30,41,2277
30,42,235
30,44,10
30,45,224
30,46,605
30,47,126
30,48,1178
30,49,1519
30,50,169
30,51,690
30,53,3231
30,54,29
30,55,353
30,56,1820
30,72,0
30,AFR,0
30,ASI,0
30,CAM,0
30,CAR,0
30,EUR,0
30,ISL,0
30,NAM,0
30,OCE,0
30,SAM,0
31,1,218
31,2,272
31,4,2059
31,5,235
31,6,2274
31,8,4078
31,9,22
31,10,79
31,11,85
31,12,1993
31,13,1163
31,15,57
31,16,151
31,17,863
31,18,589
31,19,6333
31,20,3084
31,21,489
31,22,345
31,23,83
31,24,69
31,25,179
31,26,394
31,27,1241
31,28,99
31,29,2890
31,30,240
31,32,650
31,33,42
31,34,312
31,35,456
31,36,524
31,37,651
31,38,395
31,39,950
31,40,958
31,41,640
31,42,445
31,44,141
31,45,226
31,46,2129
31,47,455
31,48,3938
31,49,460
31,50,54
31,51,848
31,53,786
31,54,94
31,55,505
31,56,1539
31,72,60
31,AFR,0
31,ASI,0
31,CAM,0
31,CAR,0
31,EUR,0
31,ISL,0
31,NAM,0
31,OCE,0
31,SAM,0
32,1,534
32,2,484
32,4,8728
32,5,621
32,6,30753
32,8,3805
32,9,273
32,10,114
32,11,85
32,12,4076
32,13,1559
32,15,1423
32,16,2438
32,17,2310
32,18,673
32,19,1002
32,20,1207
32,21,430
32,22,1017
32,23,128
32,24,541
32,25,566
32,26,1511
32,27,1182
32,28,383
32,29,1369
32,30,749
32,31,331
32,33,92
32,34,659
32,35,2258
32,36,1834
32,37,1351
32,38,474
32,39,1508
32,40,1085
32,41,4335
32,42,1459
32,44,92
32,45,791
32,46,184
32,47,1086
32,48,7960
32,49,5403
32,50,56
32,51,1150
32,53,4588
32,54,118
32,55,904
32,56,332
32,72,0
32,AFR,0
32,ASI,0
32,CAM,0
32,CAR,0
32,EUR,0
32,ISL,0
32,NAM,0
32,OCE,0
32,SAM,0
33,1,67
33,2,193
33,4,470
33,5,98
33,6,1417
33,8,501
33,9,1652
33,10,98
33,11,176
33,12,4186
33,13,196
33,15,155
33,16,36
33,17,346
33,18,877
33,19,101
33,20,102
33,21,201
33,22,115
33,23,4120
33,24,767
33,25,11305
33,26,311
33,27,49
33,28,32
33,29,306
33,30,147
33,31,108
33,32,212
33,34,497
33,35,113
33,36,2632
33,37,1708
33,38,10
33,39,797
33,40,211
33,41,172
33,42,1010
33,44,769
33,45,814
33,46,8
33,47,275
33,48,856
33,49,168
33,50,3085
33,51,902
33,53,386
33,54,149
33,55,159
33,56,0
33,72,11
33,AFR,0
33,ASI,0
33,CAM,0
33,CAR,0
33,EUR,0
33,ISL,0
33,NAM,0
33,OCE,0
33,SAM,0
34,1,1251
34,2,207
34,4,2905
34,5,218
34,6,9359
34,8,1780
34,9,4138
34,10,5123
34,11,1645
34,12,24504
34,13,5748
34,15,530
34,16,189
34,17,2709
34,18,1073
34,19,424
34,20,1136
34,21,678
34,22,513
34,23,677
34,24,8028
34,25,7081
34,26,1632
34,27,809
34,28,653
34,29,1122
34,30,240
34,31,194
34,32,1148
34,33,627
34,35,292
34,36,36442
34,37,9683
34,38,190
34,39,3358
34,40,823
34,41,697
34,42,38251
34,44,1508
34,45,5572
34,46,120
34,47,1412
34,48,7054
34,49,362
34,50,833
34,51,8368
34,53,1902
34,54,1260
34,55,615
34,56,50
34,72,1874
34,AFR,0
34,ASI,0
34,CAM,0
34,CAR,0
34,EUR,0
34,ISL,0
34,NAM,0
34,OCE,0
34,SAM,0
35,1,661
35,2,304
35,4,6185
35,5,359
35,6,5740
35,8,6552
35,9,280
35,10,102
35,11,125
35,12,1777
35,13,780
35,15,342
35,16,516
35,17,1313
35,18,218
35,19,374
35,20,948
35,21,526
35,22,375
35,23,123
35,24,445
35,25,309
35,26,792
35,27,482
35,28,387
35,29,751
35,30,377
35,31,326
35,32,1578
35,33,106
35,34,298
35,36,1027
35,37,1387
35,38,183
35,39,849
35,40,1712
35,41,1036
35,42,637
35,44,25
35,45,651
35,46,139
35,47,426
35,48,16267
35,49,1046
35,50,71
35,51,904
35,53,1179
35,54,62
35,55,565
35,56,326
35,72,112
35,AFR,0
35,ASI,0
35,CAM,0
35,CAR,0
35,EUR,0
35,ISL,0
35,NAM,0
35,OCE,0
35,SAM,0
36,1,2813
36,2,625
36,4,5942
36,5,1244
36,6,27069
36,8,5564
36,9,20891
36,10,3403
36,11,3592
36,12,54964
36,13,14088
36,15,2286
36,16,429
36,17,8352
36,18,2605
36,19,1039
36,20,1114
36,21,3307
36,22,1758
36,23,2172
36,24,11053
36,25,19292
36,26,5050
36,27,2234
36,28,762
36,29,2664
36,30,374
36,31,412
36,32,2258
36,33,2280
36,34,42947
36,35,777
36,37,20705
36,38,228
36,39,8359
36,40,1695
36,41,2368
36,42,32171
36,44,3404
36,45,9517
36,46,282
36,47,4666
36,48,18357
36,49,2155
36,50,3804
36,51,15850
36,53,4429
36,54,1327
36,55,1709
36,56,397
36,72,3298
36,AFR,0
36,ASI,0
36,CAM,0
36,CAR,0
36,EUR,0
36,ISL,0
36,NAM,0
36,OCE,0
36,SAM,0
37,1,4689
37,2,924
37,4,3930
37,5,1536
37,6,9765
37,8,4370
37,9,1766
37,10,704
37,11,1672
37,12,24398
37,13,16591
37,15,1833
37,16,442
37,17,4883
37,18,2295
37,19,1063
37,20,1293
37,21,3655
37,22,2085
37,23,805
37,24,6921
37,25,3466
37,26,3071
37,27,1706
37,28,1244
37,29,3762
37,30,966
37,31,442
37,32,1420
37,33,836
37,34,2978
37,35,921
37,36,11437
37,38,516
37,39,6218
37,40,2371
37,41,1346
37,42,8093
37,44,580
37,45,23829
37,46,328
37,47,7843
37,48,16993
37,49,1005
37,50,418
37,51,23558
37,53,3662
37,54,3379
37,55,2291
37,56,321
37,72,370
37,AFR,0
37,ASI,0
37,CAM,0
37,CAR,0
37,EUR,0
37,ISL,0
37,NAM,0
37,OCE,0
37,SAM,0
38,1,146
38,2,109
38,4,960
38,5,38
38,6,977
38,8,1187
38,9,0
38,10,0
38,11,69
38,12,384
38,13,164
38,15,18
38,16,437
38,17,467
38,18,56
38,19,1009
38,20,285
38,21,71
38,22,304
38,23,16
38,24,29
38,25,85
38,26,342
38,27,8026
38,28,43
38,29,591
38,30,1254
38,31,504
38,32,326
38,33,16
38,34,29
38,35,142
38,36,95
38,37,182
38,39,243
38,40,420
38,41,362
38,42,302
38,44,13
38,45,230
38,46,2167
38,47,30
38,48,1123
38,49,74
38,50,10
38,51,594
38,53,430
38,54,140
38,55,675
38,56,202
38,72,0
38,AFR,0
38,ASI,0
38,CAM,0
38,CAR,0
38,EUR,0
38,ISL,0
38,NAM,0
38,OCE,0
38,SAM,0
39,1,2672
39,2,758
39,4,5047
39,5,879
39,6,8790
39,8,4154
39,9,1044
39,10,468
39,11,468
39,12,21116
39,13,9037
39,15,606
39,16,480
39,17,7377
39,18,11837
39,19,1071
39,20,1666
39,21,15880
39,22,1405
39,23,644
39,24,2927
39,25,2232
39,26,10293
39,27,1812
39,28,1193
39,29,3139
39,30,246
39,31,540
39,32,1362
39,33,302
39,34,1569
39,35,1325
39,36,6182
39,37,8943
39,38,175
39,40,1247
39,41,1111
39,42,13190
39,44,201
39,45,6071
39,46,347
39,47,5941
39,48,10376
39,49,1534
39,50,344
39,51,6988
39,53,2670
39,54,7641
39,55,2311
39,56,284
39,72,144
39,AFR,0
39,ASI,0
39,CAM,0
39,CAR,0
39,EUR,0
39,ISL,0
39,NAM,0
39,OCE,0
39,SAM,0
40,1,735
40,2,634
40,4,2320
40,5,7826
40,6,4918
40,8,4406
40,9,224
40,10,25
40,11,26
40,12,3314
40,13,2395
40,15,645
40,16,362
40,17,1489
40,18,871
40,19,910
40,20,6758
40,21,1298
40,22,2382
40,23,65
40,24,560
40,25,211
40,26,1017
40,27,800
40,28,762
40,29,5632
40,30,378
40,31,803
40,32,664
40,33,41
40,34,605
40,35,943
40,36,1891
40,37,1517
40,38,120
40,39,1205
40,41,1305
40,42,1072
40,44,47
40,45,1064
40,46,201
40,47,1775
40,48,24677
40,49,808
40,50,10
40,51,1400
40,53,1591
40,54,261
40,55,310
40,56,484
40,72,68
40,AFR,0
40,ASI,0
40,CAM,0
40,CAR,0
40,EUR,0
40,ISL,0
40,NAM,0
40,OCE,0
40,SAM,0
41,1,225
41,2,2000
41,4,6544
41,5,547
41,6,20034
41,8,3470
41,9,290
41,10,14
41,11,279
41,12,3096
41,13,864
41,15,1589
41,16,4884
41,17,1142
41,18,535
41,19,670
41,20,556
41,21,262
41,22,922
41,23,218
41,24,459
41,25,596
41,26,861
41,27,1206
41,28,138
41,29,843
41,30,2198
41,31,411
41,32,2501
41,33,237
41,34,524
41,35,1127
41,36,1632
41,37,1507
41,38,538
41,39,927
41,40,1154
41,42,1310
41,44,45
41,45,650
41,46,327
41,47,746
41,48,4110
41,49,2931
41,50,89
41,51,1619
41,53,26450
41,54,53
41,55,975
41,56,903
41,72,0
41,AFR,0
41,ASI,0
41,CAM,0
41,CAR,0
41,EUR,0
41,ISL,0
41,NAM,0
41,OCE,0
41,SAM,0
42,1,1345
42,2,443
42,4,4305
42,5,470
42,6,9586
42,8,3705
42,9,3278
42,10,8695
42,11,1866
42,12,23753
42,13,6583
42,15,609
42,16,244
42,17,4824
42,18,2859
42,19,546
42,20,855
42,21,2144
42,22,1214
42,23,1181
42,24,13528
42,25,6110
42,26,3125
42,27,994
42,28,1399
42,29,2356
42,30,513
42,31,341
42,32,1394
42,33,754
42,34,21028
42,35,715
42,36,23454
42,37,11528
42,38,257
42,39,12606
42,40,1167
42,41,1255
42,44,1117
42,45,6135
42,46,287
42,47,3162
42,48,9507
42,49,844
42,50,648
42,51,12684
42,53,2273
42,54,4467
42,55,1404
42,56,205
42,72,2109
42,AFR,0
42,ASI,0
42,CAM,0
42,CAR,0
42,EUR,0
42,ISL,0
42,NAM,0
42,OCE,0
42,SAM,0
44,1,105
44,2,0
44,4,386
44,5,23
44,6,1406
44,8,334
44,9,2410
44,10,94
44,11,454
44,12,3406
44,13,403
44,15,145
44,16,10
44,17,577
44,18,96
44,19,18
44,20,112
44,21,129
44,22,249
44,23,550
44,24,394
44,25,7570
44,26,378
44,27,128
44,28,114
44,29,250
44,30,12
44,31,0
44,32,171
44,33,1085
44,34,460
44,35,10
44,36,2525
44,37,511
44,38,39
44,39,601
44,40,157
44,41,61
44,42,896
44,45,551
44,46,2
44,47,256
44,48,1410
44,49,242
44,50,321
44,51,1438
44,53,328
44,54,115
44,55,213
44,56,27
44,72,439
44,AFR,0
44,ASI,0
44,CAM,0
44,CAR,0
44,EUR,0
44,ISL,0
44,NAM,0
44,SAM,0
45,1,2351
45,2,337
45,4,1532
45,5,583
45,6,5578
45,8,1622
45,9,1147
45,10,327
45,11,358
45,12,11277
45,13,15768
45,15,781
45,16,161
45,17,1825
45,18,1402
45,19,624
45,20,679
45,21,1674
45,22,1653
45,23,292
45,24,2296
45,25,1406
45,26,2096
45,27,945
45,28,1065
45,29,1210
45,30,136
45,31,378
45,32,424
45,33,261
45,34,1432
45,35,529
45,36,6242
45,37,22225
45,38,10
45,39,2838
45,40,1136
45,41,385
45,42,2977
45,44,348
45,46,155
45,47,4595
45,48,5963
45,49,445
45,50,99
45,51,8327
45,53,1943
45,54,1320
45,55,682
45,56,140
45,72,37
45,AFR,0
45,ASI,0
45,CAM,0
45,CAR,0
45,EUR,0
45,ISL,0
45,NAM,0
45,OCE,0
45,SAM,0
46,1,141
46,2,429
46,4,1480
46,5,161
46,6,1115
46,8,1420
46,9,0
46,10,16
46,11,78
46,12,727
46,13,331
46,15,254
46,16,534
46,17,386
46,18,178
46,19,2363
46,20,365
46,21,5
46,22,107
46,23,6
46,24,85
46,25,52
46,26,397
46,27,3729
46,28,64
46,29,735
46,30,294
46,31,2393
46,32,482
46,33,93
46,34,108
46,35,337
46,36,246
46,37,374
46,38,1548
46,39,215
46,40,338
46,41,292
46,42,385
46,44,39
46,45,321
46,47,88
46,48,1495
46,49,214
46,50,76
46,51,249
46,53,588
46,54,47
46,55,358
46,56,996
46,72,51
46,AFR,0
46,ASI,0
46,CAM,0
46,CAR,0
46,EUR,0
46,ISL,0
46,NAM,0
46,OCE,0
46,SAM,0
47,1,8550
47,2,538
47,4,2782
47,5,4747
47,6,6637
47,8,2279
47,9,426
47,10,185
47,11,417
47,12,12586
47,13,16245
47,15,610
47,16,764
47,17,4595
47,18,3202
47,19,868
47,20,1502
47,21,12778
47,22,2861
47,23,528
47,24,2208
47,25,837
47,26,3600
47,27,1252
47,28,10169
47,29,2951
47,30,169
47,31,196
47,32,703
47,33,172
47,34,1130
47,35,649
47,36,1884
47,37,7638
47,38,266
47,39,5393
47,40,1720
47,41,807
47,42,2374
47,44,232
47,45,3478
47,46,254
47,48,11408
47,49,812
47,50,191
47,51,6690
47,53,1660
47,54,925
47,55,1335
47,56,279
47,72,134
47,AFR,0
47,ASI,0
47,CAM,0
47,CAR,0
47,EUR,0
47,ISL,0
47,NAM,0
47,OCE,0
47,SAM,0
48,1,7351
48,2,2489
48,4,14258
48,5,13878
48,6,37060
48,8,20951
48,9,1984
48,10,391
48,11,1288
48,12,23956
48,13,15330
48,15,4964
48,16,1512
48,17,12656
48,18,6229
48,19,3533
48,20,8178
48,21,5240
48,22,25934
48,23,728
48,24,5235
48,25,4372
48,26,8026
48,27,4487
48,28,6287
48,29,10339
48,30,1740
48,31,4077
48,32,5712
48,33,1279
48,34,3362
48,35,12873
48,36,10954
48,37,11001
48,38,2229
48,39,8478
48,40,29081
48,41,5189
48,42,7388
48,44,546
48,45,6004
48,46,1246
48,47,8918
48,49,4598
48,50,440
48,51,12321
48,53,12712
48,54,1200
48,55,3163
48,56,1623
48,72,1003
48,AFR,0
48,ASI,0
48,CAM,0
48,CAR,0
48,EUR,0
48,ISL,0
48,NAM,0
48,OCE,0
48,SAM,0
49,1,994
49,2,990
49,4,7976
49,5,232
49,6,11339
49,8,5373
49,9,273
49,10,227
49,11,67
49,12,2245
49,13,714
49,15,1085
49,16,6353
49,17,991
49,18,637
49,19,851
49,20,277
49,21,475
49,22,518
49,23,223
49,24,992
49,25,601
49,26,712
49,27,901
49,28,262
49,29,1371
49,30,1017
49,31,555
49,32,4690
49,33,235
49,34,271
49,35,1970
49,36,801
49,37,982
49,38,366
49,39,867
49,40,1057
49,41,3583
49,42,1252
49,44,40
49,45,331
49,46,413
49,47,922
49,48,4858
49,50,150
49,51,1927
49,53,4414
49,54,204
49,55,639
49,56,2323
49,72,154
49,AFR,0
49,ASI,0
49,CAM,0
49,CAR,0
49,EUR,0
49,ISL,0
49,NAM,0
49,OCE,0
49,SAM,0
50,1,25
50,2,141
50,4,273
50,5,0
50,6,767
50,8,574
50,9,700
50,10,0
50,11,210
50,12,1874
50,13,228
50,15,83
50,16,0
50,17,329
50,18,292
50,19,82
50,20,43
50,21,173
50,22,36
50,23,707
50,24,474
50,25,2154
50,26,105
50,27,160
50,28,0
50,29,235
50,30,78
50,31,102
50,32,94
50,33,2425
50,34,167
50,35,116
50,36,3352
50,37,837
50,38,194
50,39,277
50,40,99
50,41,281
50,42,454
50,44,383
50,45,306
50,46,74
50,47,82
50,48,176
50,49,88
50,51,556
50,53,205
50,54,125
50,55,175
50,56,32
50,72,0
50,AFR,0
50,ASI,0
50,CAM,0
50,CAR,0
50,EUR,0
50,ISL,0
50,NAM,0
50,OCE,0
50,SAM,0
51,1,3744
51,2,857
51,4,3257
51,5,650
51,6,14909
51,8,4573
51,9,2336
51,10,1587
51,11,7847
51,12,20921
51,13,9791
51,15,2029
51,16,719
51,17,5181
51,18,2404
51,19,446
51,20,1377
51,21,3952
51,22,1919
51,23,734
51,24,22050
51,25,4485
51,26,2430
51,27,1457
51,28,962
51,29,2932
51,30,314
51,31,733
51,32,1695
51,33,801
51,34,4280
51,35,910
51,36,10049
51,37,26908
51,38,252
51,39,5691
51,40,1920
51,41,1652
51,42,11069
51,44,1260
51,45,8718
51,46,342
51,47,7780
51,48,15573
51,49,2107
51,50,454
51,53,4524
51,54,6010
51,55,1475
51,56,278
51,72,762
51,AFR,0
51,ASI,0
51,CAM,0
51,CAR,0
51,EUR,0
51,ISL,0
51,NAM,0
51,OCE,0
51,SAM,0
52,1,3744
52,2,857
52,4,3257
52,5,650
52,6,14909
52,8,4573
52,9,2336
52,10,1587
52,11,7847
52,12,20921
52,13,9791
52,15,2029
52,16,719
52,17,5181
52,18,2404
52,19,446
52,20,1377
52,21,3952
52,22,1919
52,23,734
52,24,22050
52,25,4485
52,26,2430
52,27,1457
52,28,962
52,29,2932
52,30,314
52,31,733
52,32,1695
52,33,801
52,34,4280
52,35,910
52,36,10049
52,37,26908
52,38,252
52,39,5691
52,40,1920
52,41,1652
52,42,11069
52,44,1260
52,45,8718
52,46,342
52,47,7780
52,48,15573
52,49,2107
52,50,454
52,51,209784
52,53,4524
52,54,6010
52,55,1475
52,56,278
52,72,762
52,AFR,0
52,ASI,0
52,CAM,0
52,CAR,0
52,EUR,0
52,ISL,0
52,NAM,0
52,OCE,0
52,SAM,0
53,1,1426
53,2,4579
53,3,4298
53,4,14061
53,5,861
53,6,34631
53,8,5834
53,9,1480
53,11,333
53,12,5621
53,13,3053
53,15,4178
53,16,10613
53,17,3231
53,18,1042
53,19,1016
53,21,1216
53,22,1393
53,23,227
53,24,1719
53,25,1541
53,26,1915
53,27,1796
53,28,371
53,29,2241
53,31,1306
53,32,3862
53,33,367
53,34,1423
53,35,1545
53,36,2835
53,37,3393
53,38,752
53,39,2450
53,41,24072
53,42,2327
53,44,260
53,45,2397
53,46,839
53,47,1929
53,48,11384
53,49,4027
53,51,4677
53,54,140
53,55,1438
53,56,1326
53,72,55
53,AFR,0
53,ASI,0
53,CAM,0
53,CAR,0
53,EUR,0
53,ISL,0
53,NAM,0
53,OCE,0
53,SAM,0
54,1,124
54,2,87
54,4,517
54,5,67
54,6,1124
54,8,477
54,9,139
54,10,101
54,11,334
54,12,4363
54,13,912
54,15,152
54,16,35
54,17,774
54,18,519
54,19,66
54,20,97
54,21,2666
54,22,286
54,23,174
54,24,3547
54,25,360
54,26,302
54,27,236
54,28,150
54,29,428
54,30,72
54,31,70
54,32,66
54,33,141
54,34,486
54,35,60
54,36,783
54,37,3528
54,38,26
54,39,7679
54,40,256
54,41,352
54,42,4766
54,44,115
54,45,1262
54,46,36
54,47,1657
54,48,1336
54,49,93
54,50,6
54,51,5879
54,53,242
54,55,372
54,56,0
54,72,31
54,AFR,0
54,ASI,0
54,CAM,0
54,CAR,0
54,EUR,0
54,ISL,0
54,NAM,0
54,OCE,0
54,SAM,0
55,1,703
55,2,370
55,4,4971
55,5,669
55,6,5647
55,8,2856
55,9,625
55,10,9
55,11,509
55,12,7235
55,13,2777
55,15,446
55,16,390
55,17,14760
55,18,2378
55,19,3490
55,20,740
55,21,1038
55,22,475
55,23,116
55,24,863
55,25,647
55,26,5186
55,27,17722
55,28,823
55,29,2487
55,30,537
55,31,710
55,32,1266
55,33,212
55,34,396
55,35,474
55,36,1529
55,37,1989
55,38,650
55,39,1597
55,40,860
55,41,1094
55,42,1867
55,44,42
55,45,774
55,46,469
55,47,2018
55,48,5428
55,49,595
55,50,131
55,51,1453
55,53,2153
55,54,171
55,56,172
55,72,506
55,AFR,0
55,ASI,0
55,CAM,0
55,CAR,0
55,EUR,0
55,ISL,0
55,NAM,0
55,OCE,0
55,SAM,0
56,1,150
56,2,134
56,4,1914
56,5,426
56,6,1504
56,8,4518
56,9,135
56,10,104
56,11,41
56,12,608
56,13,382
56,15,30
56,16,1114
56,17,294
56,18,421
56,19,375
56,20,606
56,21,74
56,22,194
56,23,175
56,24,144
56,25,91
56,26,725
56,27,318
56,28,169
56,29,477
56,30,1404
56,31,1209
56,32,611
56,33,59
56,34,29
56,35,272
56,36,391
56,37,402
56,38,450
56,39,357
56,40,965
56,41,852
56,42,528
56,44,13
56,45,237
56,46,834
56,47,201
56,48,2549
56,49,1816
56,50,106
56,51,334
56,53,944
56,54,43
56,55,112
56,72,40
56,AFR,0
56,ASI,0
56,CAM,0
56,CAR,0
56,EUR,0
56,ISL,0
56,NAM,0
56,OCE,0
56,SAM,0
72,1,624
72,2,234
72,4,815
72,5,188
72,6,2122
72,8,631
72,9,2912
72,10,503
72,11,34
72,12,17986
72,13,2087
72,15,164
72,16,106
72,17,1639
72,18,252
72,19,219
72,20,298
72,21,666
72,22,450
72,23,58
72,24,748
72,25,3277
72,26,856
72,27,306
72,28,264
72,29,575
72,30,76
72,31,110
72,32,678
72,33,67
72,34,3936
72,35,282
72,36,7410
72,37,1612
72,38,8
72,39,2078
72,40,204
72,41,318
72,42,5706
72,44,384
72,45,950
72,46,41
72,47,350
72,48,4686
72,49,265
72,50,4
72,51,1517
72,53,517
72,54,346
72,55,618
72,56,14
72,AFR,0
72,ASI,0
72,CAM,0
72,CAR,0
72,EUR,0
72,ISL,0
72,NAM,0
72,SAM,0
